TES POTENSI AKADEMIK,,,,,,,,,,,
#,SINONIM,,,,,,,,,,
#,##,EVAPORASI ,Penguapan ,Penggabungan ,Penyubliman ,Penyerapan,A,,,,
#,##,GETIR,manis,sakit,pedas,pahit,D,,,,
#,##,ENDEMI,menular,kuman,wabah,penyakit ,C,,,,
#,##,EMBOSUR,Mulut sungai,Ambeien,Sasaran panah,Proses cetak,A,,,,
#,##,AFWAH,Noktah,Kata sepakat ,Tuah ,Bersih,C,,,,
#,##,ARBITRASI,Meleraikan sengketa,Kesewenang-wenangan,Birokrasi,Perwakilan,A,,,,
#,##,ANARKI,Perang,Hancur,Kekacauan,Keributan,C,,,,
#,##,KAPASITAS,Kualitas,beban,bobot,massa ,C,,,,
#,##,NISBI,Relatif,konsumtif,sama ,Inti ,A,,,,
#,##,GIOSITIS,pembengkakan gusi,radang lidah,amandel,radang tenggorokan ,B,,,,
#,ANTONIM,,,,,,,,,,
#,##,BERUBAH ,fluktuaktif,variable,konstan,trend,C,,,,
#,##,ALPA,Paham,Ingat,Lalai,Abai ,B,,,,
#,##,DETERIORASI,Bagian dalam,Kemunduran,Kemajuan,Peremehan,C,,,,
#,##,INDUKSI,Perusahaan,Konklusi,Koduksi ,Deduksi,D,,,,
#,##,PROLOG,Dialog,Monolog,Epilog,Analog ,C,,,,
#,##,SUMBANG,Janggal,Singkron,Palsu,Sama ,B,,,,
#,##,SEKULER,keagamaan,duniawi,rohaniah,cendikia,A,,,,
#,##,OUTPUT,pemasukan,pengeluaran,pelaksanaan,rencana,A,,,,
#,##,TERKATUNG,Melayang,Pasti,Terperosok,Terbenam,D,,,,
#,##,INTEGRASI,menghancurkan,membangun,menyatu,memisah,D,,,,
#,ANALOGI,,,,,,,,,,
#,##,BANGSA : ETHNOLOGI,Demonstrasi : Demografi,Bumi : Geografi,Penyakit : Patologi,Alam : Biologi,C,,,,
#,##,SIMILE : PERUMPAMAAN,Hiperbola : pengasaran,Hipernim : penggenarilsasian,Personifikasi : penginsanan,Aliterasi : pelafalan,C,,,,
#,##,Mata :: telinga = lidah ::,tangan,hidung ,paha ,siku ,B,,,,
#,##,Belajar :: kelas =,kuda :: rintangan,ikan :: berenang,balap motor :: sirkuit,jalan :: hambatan,C,,,,
#,##,Sarjana :: tesis :: doctor ,mahasiswa :: skripsi :: sarjana ,petani :: bajak :: panen,pewara :: atesis :: panitera,akuntan :: jurnal :: CPA,A,,,,
#,##,ALLEGRO : ADAGIO,Irama : Not ,Drama : Pantomim,Rajin : Malas,Bunga : Indah,C,,,,
#,##,RAKSASA : BESAR,Konduksi : Panas,Liliput : Kecil,Dehidrasi : Kurang,Reformasi : Berubah ,B,,,,
#,##,ROTI : TEPUNG,Gula : Teh,Meja : Kursi,Bubur : Beras,Air : Kopi,A,,,,
#,##,Vila : Gunung,Hotel : Bukit,Kapal : Laut,Resor : Pantai,Danau : Gunung,C,,,,
#,##,Marah : Mirah,Parah : Perih,Lesung : Lumpang,Kisi : Kasih,Gambus : Gembus,D,,,,
#,KOSAKATA,,,,,,,,,,
#,##,AFIRMASI,Pernyataan keadaan sebenarnya,penetapan yang positif,Pertanyaan hasil,Kegiatan informasi,B,,,,
#,##,KONVERGENSI,keadaan menuju satu titik pertemuan,Perubahan bentuk,pergesekan,penggunaan,A,,,,
#,##,RESES,Krisis,Masa istirahat dari kegiatan sidang,Kelesuan,Orang suci,B,,,,
#,Bacaan untuk 4 nomer selanjutnya,"Dewasa ini, kehadiran istilah-istilah baru dalam bidang informatika belum mendapat perhatian yang cukup responsif dan proaktif. Ini terbukti dengan belum hadirnya buku yang berisikan penetapan penggunaan istilah-istilah tersebut secara baku sehingga masih terjadi kesimpangsiuran di sana-sini. Walaupun pada hekekatnya bahasa bersifat arbitrer, kehadiran sebuah ketetapan bagi penggunaan istilah-istilah itu tentunya sangat diharapkan oleh seluruh lapisan masyarakat yang mengharapkan penggunaan bahasa Indonesia yang baik dan benar. Ambil saja contoh, sampai hari ini belum ada padanan yang baku dan pasti untuk kata-kata seperti backup, booting, browsing, catridger, CD-ROM, mouse, hacker, paste, password, dan masih banyak lagi istilah sejenis. Tampaknya sudah ada usaha penciptaan padanan kata yang dilakukan oleh Microsof Indonesia. Namun, walau patut diacungi jempol usaha ini terkesan terlambat jika dibandingkan dengan perkembangan teknologi yang selalu meluncur ibarat anak panah.",,,,,,,,,
#,##,Kalimat yang tidak sesuai dengan paragraph di atas adalah:,Kehadiran istilah informatika dirasa belum mendapat perhatian yang responsif dan proaktif.,Belum ada padanan kata mouse sebagai salah satu istilah bidang informatika.,Istilah paste masih digunakan sebagai istilah Indonesia karena belum ada padanannya.,Penciptaan padanan kata untuk istilah-istilah informatika hanya dapat dilakukan oleh Microsof Indonesia.,D,,,,
#,##,Apa pengertian kata arbitrer dalam paragraph di atas?,Sewenang-wenang,Bahasa baku,Bahasa gaul,Kaidah bahasa ,A,,,,
#,##,Mengapa usaha Microsof Indonesia untuk menciptakan padanan kata informatika terkesan terlambat?,Terlalu lama mencari padanan kata,Kemajuan teknologi lebih cepat,Sulit menemukan padanan kata,Proses penciptaan dilakukan setelah ada undang-undang,B,,,,
#,##,Apa pengertian Hacker?,Seseorang yang bekerja di bidang IT yang mengurusi hardware,Seseorang yang dapat membobol komputer dengan niat baik,Seseorang yang bekerja di bidang IT yang mengurusi software,Seseorang yang dapat membobol komputer dengan niat jahat,B,,,,
#,Bacaan untuk 3 nomer selanjutnya,"TINTIN, WARTAWAN TANPA PENA Petualangan Tintin menceritakan kehidupan wartawan muda asal Belgia, yang meski kadang menyandang kamera, tak satu pun artikelnya pernah nongol. Dalam petualangannya, si jambul nungging ini selalu dikuntit anjing terrier setianya, Snowy. Pelaut Inggris, Kapten Haddock, dan Prof. Cutbert Calculus yang pikun tapi cerdas adalah sahabatnya. Calculus yang muncul pertama kali dalamHarta Karun Rackam Merah diciptakan berdasarkan tokoh Prof. Auguste Piccard. Pasangan detektif konyol dari Scotland Yard, Thomson dan Thompson, meski mirip, bukan dua bersaudara. Komik itu telah diterjemahkan ke dalam 51 bahasa. Dalam penerjemahan, nama tokohnya juga berubah. Tintin menjadi Tinni (Islandia), Tintinus (Latin), Tim (Jerman), atau Kuife (Afrika). Milou menjadi Snowy (Inggris), Struppi (Jerman), Boncuk (Turki), atau Bobbie (Belanda). Handdock menjadi Kolbeinn (Islandia), Hadok (Iran), Xaggok (Rusia), dan Treska (Chechnya). Tournesol berganti Calculus (Inggris), Beaker (Jepang), dan Bergel (Arab). Dupont dan Dupond menjadi Thomson dan Thompson (Inggris), Uys dan Buys (Afrika), serta Tik dan Tak di Arab. Setelah tertunda delapan tahun akibat PD II, Negeri Emas Hitam naik cetak pada 1950, disusul Perjalanan ke Bulan (1954), Penculikan Calculus (1956), dan Tintin di Tibet (1960). Tiga tahun berselang muncul Zamrud Castafiore, Penerbangan 714 (1968), Tintin dan Picaros (1976). Petualangan itu berakhir dalam Tintin et L?Alph Art (1986) yang berbentuk sketsa. (sumber: Intisari)",,,,,,,,,
#,##,Gagasan utama yang terkandung pada paragraf kedua teks di atas adalah ...,Tintin sering berganti nama untuk memudahkan penyamaran.,Nama-nama tokoh dalam serial tintin sering berubah dalam penerjemahannya.,Perubahan nama tokoh untuk mudahkan pembaca.,Serial Tintin telah banyak diterjemahkan ke berbagai bahasa.,B,,,,
#,##,Gagasan utama yang terkandung dalam paragraf pertama teks di atas adalah ...,Tintin memiliki sahabat setia yaitu Snowy.,Tokoh-tokoh dalam serial Tintin memiliki karakter yang unik.,Serial Tintin adalah cerita tentang seorang wartawan muda yang unik.,Pasangan detektif konyol merupakan bumbu cerita dalam serial Tintin.,C,,,,
#,##,"Dari teks di atas, dapat diperoleh informasi bahwa ...","Karena begitu banyaknya diterjemahkan ke dalam bahasa-bahasa lain, serial Tintin dianggap sebagai serial komik terlaris sepanjang masa.",Tokoh Tintin diciptakan dari seorang tokoh asli yang ada di Belgia.,Setidaknya ada empat nama lain Tintin dan lima nama lain Snowy yang disebutkan dalam teks di atas.,"Lebih dari dua dekade lamanya setelah serial Tintin: Zamrud Castafiore terbit, akhirnya serial Tintin sampai ke petualangan terakhir.",D,,,,
#,KEMAMPUANÿKUANTITATIF,,,,,,,,,,
#,##,"Mail menjual beras dengan harga Rp x tiap y ons. Setiap pembelian 35 kg (berlaku kelipatan) mendapat tambahan 10 ons. Bila Kak Ros butuh 195 kg beras dan memanfaatkan kesempatan tersebut, maka ia cukup mengeluarkan uang sebanyak ...",Rp1950y/x ,Rp1950x/y ,Rp1900y/x ,Rp1900x/y,D,,,,
#,##,"Kelas 2Q yang jumlah mahasiswanya 38 orang, telah diadakan quiz intermediate. Ada 5 orang yang mendapat nilai 90, 14 orang mendapat nilai 85, 11 orang mendapat nilai 70 dan sisanya mendapat nilai 60. Berapa persen jumlah mahasiswa yang nilainya di atas rata-rata kelas ?",75%,50%,"42,5 %","80,5 %",C,,,, 
#,##,Ibu Atissa mempunyai sebuah usaha laundry dengan jumlah tenaga kerja 7 orang. Setiap tenaga kerja dapat mencuci 5 baju dalam waktu 90 menit. Waktu yang dibutuhkan untuk mencuci 175 baju adalah ...,6 jam ,"6,5 jam ",7 jam ,"7,5 jam",D,,,,
#,##,"Lambok memiliki janji kencan dengan Rara di kota A yang terletak 75 km dari rumahnya. Biasanya Lambok mengendarai motor ke kota A dalam waktu 54 menit, pagi dia terlambat bangun dan baru siap berangkat lebih lambat 6 menit dari biasanya. Berapakah kecepatan yang harus ditempuhnya agar dia tidak telat janjian dengan Rara?",54 km/jam ,60 km/jam ,"67,5 km/jam ",48 km/jam,B,,,,
#,##,"Jika (8x + 8)(6 + 9/4x) = 0 dan x ? -1, maka x = ... ",?8/3 ,?8 ,? 3/8 ,3-Aug,C,,,,
#,##,"Diantara 38 orang mahasiswa 2Q, 24 orang pandai intermediate, 16 orang pandai cost accounting, sedangkan 6 orang tidak pandai intermediate dan cost accounting. Perbandingan jumlah mahasiswa yang hanya pandai intermediate dengan mahasiswa yang hanya pandai cost accounting adalah ",1:02,3:04,2:01,4:03,C,,,,
#,##,"456 + 465 + 564 + ... + 654 = .... Soal diatas merupakan bilangan yang dibentuk dari angka 4, 5, 6. Total bilangan yang bisa dibentuk adalah 6 bilangan. Jumlah dari seluruh bilangan yang bisa dibentuk adalah ",3303,3003,3330,3300,C,,,,
#,##,"Untuk membeli sepatu bola baru, Beni menabung di bank sebesar RpA dan ia selalu mendapat bunga I% setiap bulan. Berapa tabungan Beni dalam dua bulan berikutnya ? ",A + A(I% + (I%)ý) ,A + AI + AI% + AI%ý ,A(2I% + I%ý) ,A(1 + 2I% +(I%)ý),D,,,,
#,##,"Hari Senin, Ayah Budi menarik cek senilai 1/5 dari total tabungan. Esoknya disetor uang sebesar 3/4 dari saldo awal dan hari Rabu ditarik lagi cek senilai 1/8 dari saldo pengambilan hari Senin. Bila saldo akhir masih sebesar Rp29 juta, berapa nilai saldo awal tabungan?",Rp10 juta ,Rp15 juta ,Rp20 juta,Rp25 juta,C,,,,
#,##,"Jika X dapat dibagi oleh 38 dan 40, maka X juga dapat dibagi ......",12,14,16,18,C,,,,
#,##,"Pada jalan yang rusak berlubang, sebuah mobil dapat berjalan dengan kecepatan 20 km/jam. Pada jalan yang bagus dan rata, kecepatan rata-rata mobil tersebut 70 km/jam. Berapa lama ia menempuh jalan yang panjangnya 280 km kalau 1/4 darijalan itu adalah jalan berlubang? ",6 «  ,5 «  ,4 « ,3 «,A,,,,
#,##,Pompa air A bisa mengalirkan air sebanyak 240 liter dalam 60 menit. Pompa B yang lebih kecil mengalirkan air sebanyak 240 liter dalam waktu 80menit. Berapa persen pompa A memompa lebih cepat dibanding pompa B? ,"66,66%  ",45%,30%,"33,33%",D,,,,
#,##,Berapa sudut yang telah ditempuh oleh jarum pendek suatu jam dari pukul 07.20 sampai pukul 11.10 ? ,100ø  ,95ø  ,115ø ,120ø,C,,,,
#,##,Harga sebuah rumah dikurangi dengan 25%. Dengan berapa persen harus ditambah untuk dijual kembali supaya harganya mejadi harga awal (harga sebelum dikurangi)? ,25%,30%,"33,33% ","66,66%",C,,,,
#,##,"Jika 0 ó x ó 4 dan y < 12, manakah dari angka berikut ini yang BUKAN merupakan nilai xy? ",0,6,24,48,D,,,,
#,##,Sebuah mobil menempuh 70% perjalanan dari kota A ke kota B dengan kecepatan rata-rata 60 km/jam. Kecepatan rata-rata untuk seluruh perjalanan adalah 90 km/jam. Berapa-kah kecepatan mobil (km/jam) dalam perjalanan 30% terakhir? ,160,120,140,75,A,,,,
#,##,"Soal penjumlahan dibawah menunjukkan empat dari 24 bilangan yang dibentuk dengan mengunakan ......  angka 3, 4, 5, dan 6 masing-masing satu dalam setiap bilangan. berapakah jumlah dari 24 bilangan ini 3.456 + 3.465 + 3.546 + ..... + ..... + 6.543 = ",119.988,111.98,119.88,66.66,A,,,,
#,##,"Dalam suatu kandang terdapat 50 ekor ayam. Dari 27 ekor ayam jantan, 18 diantaranya berwarna hitam. Ayam yang berwarna hitam seluruhnya ada 35 ekor. Berapa ekor ayam betina yang tidak hitam? ",6 ekor ,8 ekor ,17 ekor ,23 ekor,A,,,,
#,##,Bila jam menunjukkan pukul 04.10 maka sudut yang terbentuk dari jarum panjang dan jarum pendek adalah: ,55ø  ,"57,5ø  ",65ø ,60ø,C,,,,
#,##,Usia Lambok adalah 33 1/3 % dari usia Dino yang berusia 35% dari usia Hamid. Steven berusia lima kali usia Dino. Berapakah rasio usia Lambok dan Steven? ,1:12,1:15,15:01,1:10,B,,,,
#,##,Berapakah 45% dari 35/3? ,23/4  ,22/4  ,21/4  ,25/4,C,,,,
#,##,"Selama satu musim tertentu, sebuah tim memenangi 60% dari 20 pertandingan pertamanya dan 30% dari pertandingan yang tersisa. Jika tim tersebut memenangi 50% dari seluruh pertandingan dalam musim tersebut, berapakah total pertandingan yang diikuti oleh tim tersebut? ",30,35,40,32,A,,,,
#,##,6 orang dapat mengecat tembok seluas 900 m2 selama 3 jam. Berapa waktu yang dibutuhkan untuk mengecat tembok seluas 400 m2 jika ternyata ada 2 orang yang berhenti mengecat? ,5 jam  ,4 jam  ,3 jam ,2 jam,D,,,,
#,##,"Nilai rata-rata sekelompok mahasiswa akuntansi adalah 82. Jika nilai rata-rata mahasiswa adalah 80 dan nilai rata-rata mahasiswi adalah 86, berapakah perbandingan antara jumlah mahasiswa dan mahasiswi? ",1:02,2:01,3:02,2:03,B,,,,
#,##,"Jika 6X + 5Y = 13 dan 4X + 10Y = 14, maka .... ",x < y ,x = y ,x > y ,hubungan antara x dan y tidak dapat ditentukan,C,,,,
#,##,"Jika 6x = 7y dan 4y = 9z, maka berapakah x? ",21y/8  ,21z/8  ,8z/21 ,8y/21,B,,,,
#,##,Seorang tukang batu memasang tegel yang panjangnya 8 dm dan lebarnya 200 mm pada sebuah bidang datar. Jumlah tegel yang dipasangnya adalah 500 buah tegel. Berapakah luas bidang tersebut? ,100 m2  ,160 m2  ,80 m2 ,120 m2,C,,,,
#,##,Berapakah 45% dari 15/6? ,8-Jul,6-Sep,6-Jul,8-Sep,D,,,,
#,##,"Sebuah tembok dengan lebar x meter dan tinggi empat meter dicat dengan warna hijau muda. Tembok tersebut telah dicat seluas 25 % dari keseluruhan luasnya selama satu jam. Kemudian istirahat selama 30 menit. Dua setengah jam dari awal pengecatan, tembok yang dicat seluas 14 meter, berapakah lebar tembok tersebut? ",5 meter ,6 meter ,7 meter ,8 meter,C,,,,
#,##,"Sekawanan angsa di kolam sedang diamati secara terus menerus. Pada pukul 12.00, 1/5 angsa terbang jauh. Pada pukul 14.00, 1/8 dari angsa yang tersisa terbang jauh. Pada pukul 16.00, sebanyak 3 kali lipat jumlah jumlah angsa yang terbang pada pukul 12.00, juga terbang jauh, meninggalkan 28 angsa di kolam. Berapa jumlah kawanan angsa semula? ",270,280,290,300,B,,,,
#,##,"Sebuah bejana berbentuk silinder berisi 1/5nya. Jika ditambah 6 liter lagi, bejana ini menjadi berisi 1/2nya. Berapa liter kapasitas bejana tersebut ? ",15 liter  ,18 liter  ,20 liter ,24 liter,C,,,,
#,##,Yang manakah pecahan di bawah ini yang lebih besar 1/6 ? ,26/157  ,19/115  ,13/79 ,47/279,D,,,,
#,##,"Jika a sembarang bilangan dan x = -7a2 + 4 dan y = -5a2 + 7, maka ..... ",x > y  ,x < y  ,x = y ,3x = 4y,B,,,,
#,##,"Panitia mengedarkan undangan pertemuan untuk 50 wanita dan 70 pria. Jika ternyata 40% dari undangan wanita dan 50% dari undangan pria hadir, kira-kira berapa persen yang hadir? (jika ada decimal dibulatkan) ",90,86,48,46,D,,,,
#,##,"Jika tabung P tingginya 2 kali tinggi tabung Q dan jari-jarinya setengah dari tabung Q, perbandingan isi tabung P terhadap tabung Q adalah .... ",1:04,1:02,2:01,4:01,B,,,,
#,##,"Jika x rupiah dibagikan merata pada n orang, setiap orang akan memperoleh bagian Rp 60.000. Jika ada seorang lagi yang bergabung pada kelompok tersebut dan jika x dibagi merata, setiap orang sekarang memperoleh Rp 50.000. Berapakah x ? ",500,300,250,200,B,,,,
#,##,"Seorang siswa memperoleh nilai 91, 88, 86, dan 78 untuk empat mata pelajaran. Berapa nilai yang harus diperoleh untuk mata pelajaran kelima agar dia memperoleh rata-rata 85 ? ",86,85,84,82,D,,,,
#,##,"Seorang pedagang menjual sebuah barang dengan harga Rp 80.000, dan memperoleh 25% laba dari harga beli. Berapakah harga beli ? ",50,60,64,68,C,,,,
#,##,"Seorang pekerja dibayar Rp 800 per jam. Dia bekerja dari pukul 8.00 sampai pukul 16.00. Dia akan dibayar tambahan 50% per jam untuk lembur diatas pukul 16.00. Jika dia memperoleh bayaran Rp 8.000 pada hari itu, pada pukul berapa dia pulang ? ",16.2,16.4,17.2,17.4,C,,,,
#,KEMAMPUANÿPENALARAN,,,,,,,,,,
#,##,"Bobo, Bona, Bobi, Boni, dan Baba adalah anggota klub bsket. Bona lebih tinggi dari Baba. Boni dan Baba lebih tinggi dari Bobo. Jika Boni tidak lebih tinggi dari Bobi, maka pernyataan yang benar adalah... ",Bona lebih tinggi dari Boni ,Baba lebih pendek dari Bobi ,Bobi adalah anak yang paling tinggi ,Bobo adalah anak yang paling pendek,D,,,,
#,##,"Bapak dan Ibu Slamet beserta anaknya Aman hendak menyeberangi sungai. Satu-satunya cara adalah dengan menggunakan perahu Pak Jono. Pak Jono tidak memperkenankan siapa pun untuk mendayung perahunya dan hanya dapat mengangkut satu orang setiap kali jalan. Aman adalah anak kecil yang tidak dapat ditinggalkan sendirian di tepi sungai. Di antara yang berikut ini, manakah yang bukan merupakan bagian dari cerita sukses Bapak dan Ibu Slamet dalam menyeberangi sungai? ",Pak Slamet menyeberang pertama kali ,Bu Slamet menyeberang pertama kali ,Pak Slamet dan Ibu Slamet menyeberang pertama kali ,Aman menyeberang giliran kedua,C,,,,
#,##,"70, 10, 80, 7, 90, 4, 100, A. Berapakah A? ",1,2,90,110,A,,,,
#,##,"P-Q-9-16-25-36-49, Nilai p dan q adalah: ",0 dan 3  ,1 dan 4  ,2 dan 5 ,3 dan 6,B,,,,
#,##,"Suatu seri huruf terdiri dari ; C B A D E F I H G J K L O ..., seri huruf selanjutnya adalah: ",M N  ,N M  ,O M ,M O,B,,,,
#,##,Suatu seri huruf terdiri dari: c d f f h i k k m n Seri huruf selanjutnya adalah: ,o  ,P  ,q ,r,B,,,,
#,##,"Suatu seri huruf terdiri dari: a b b c d e e f g h h i j ... , Seri huruf selanjutnya adalah: ",I  ,J  ,k ,l,C,,,,
#,##,"1, 6, 2, 12, x, 48, 44. Nilai x adalah ... ",3,5,6,8,D,,,,
#,##,16 8 24 12 36 x 54. Nilai x adalah ,18,20,22,24,A,,,,
#,##,100 90 45 40 30 15 x 0. Nilai x adalah ... ,20,15,10,5,C,,,,
#,##,Semua siswa yang selalu hadir dalam les akan mempunyai kemampuan yang cukup untuk lulus USM. ,Hampir tidak mungkin untuk lulus USM jika seorang siswa tidak menghadiri les secara rutin ,Tingkat kehadiran les rendah dan tingkat ketidaklulusan tinggi ,Siswa yang lulus ujian adalah siswa yang menghadiri les secara rutin ,"Untuk lulus USM, siswa tidak perlu melakukan latihan-latihan selain di les.",A,,,,
#,##,Ada pelajar yang rajin belajar. Kebanyakan pelajar yang rajin belajar kuliah di PTN. ,Pelajar yang kuliah di PTN harus rajin belajar ,Ada pelajar yang kuliah di PTN dan rajin belajar ,Pelajar yang rajin belajar adalah yang kuliah di PTN. ,"Kesimpulan A, B, dan C salah.",B,,,,
#,##,"Jumlah penawaran tenaga kerja dipengaruhi oleh beberapa faktor berikut : jumlah penduduk, komposisi usia dan jenis kelamin, status perkawinan, dan tingkat partisipasi tenaga kerja pada masing-masing faktor tersebut. Jika pernyataan tersebut benar, berikut ini mempengaruhi penawaran tenaga kerja, kecuali...... ",Tingkat kelahiran dan kematian. ,Tingkat pendidikan. ,Jumlah agen penyalur tenaga kerja. ,Status perkawinan penduduk perempuan.,B,,,,
#,##,Semua anggota klub NSP pasti bukan anggota klub PSN. Semua anggota klub SNP adalah anggota klub NSP. Jadi... ,Tidak ada kesimpulan ,Semua anggota klub SNP adalah anggota klub NSP dan bukan anggota klub PSN ,Sebagian anggota klub PSN adalah anggota klub SNP dan bukan anggota klub NSP ,Sebagian anggota klub NSP yang anggota klub SNP adalah anggota klub PSNami sangat teliti,B,,,,
#,##,"Setiap kota yang memiliki pusat hiburan mempunyai ciri rawan kejahatan. Ini karena pusat hiburan menyebabkan adanya keramaian yang menarik para penjahat, sementara semua penjahat adalah pelaku kriminal. Manakah dari yang berikut ini, jika benar tidak dapat disimpulkan dari pernyataan di atas ? ",Semua penjahat adalah kriminal. ,Semua pusat hiburan menarik penjahat. ,Setiap kota mempunyai ciri rawan kejahatan. ,Penjahat tertarik oleh adanya keramaian.,C,,,,
#,##,Jadwal Bimbel Genk FAI ialah senin-rabu-jum?at pada jam 13.00 wib di Bimbel Stan Andromeda. Asfi merupakan salah satu anggota genk FAI. Kesimpulannya... ,Asfi pasti anak yang pintar ,Tidak mungkin Asfi datang ke Bimbel pada hari Minggu ,Setiap hari Rabu jam 13.00 wib Asfi harus mengikuti Bimbel ,Tidak ada kesimpulan yang benar,D,,,,
#,##,Adi lebih tinggi dari Yusuf. Wahyu lebih tinggi Henderi. Henderi lebih pendek dari Irvan. Yusuf dan Irvan sama tingginya. Kesimpulan yang dapat diambil .... ,Wahyu lebih tinggi dari Yusuf ,Irvan lebih pendek dari Yusuf ,Wahyu lebih pendek dari Adi ,Adi lebih tinggi dari Henderi,D,,,,
#,##,"Dani lebih tua dari Welly, Riki juga lebih tua dari Welly, jadi ... ",Umur Welly lebih kecil dari setengah umur Dani ditambah umur Riki ,Umur Dani ditambah dengan umur Welly lebih besar dari umur Riki ,Umur Dani ditambah umur Riki dibagi dua lebih kecil dari umur Welly ,Dani dan Welly sebaya,A,,,,
#,##,Lima mobil berlomba. Honda berhasil mengalahkan Rover tetapi gagal mengalahkan Astra. Renault gagal menyusul Granada tetapi berhasil mengalahkan Astra. Mobil mana yang berada di urutan ketiga ? ,Honda ,Astra ,Rover ,Granada,D,,,,
#,##,Kendaraan yang bermesin harus mempunyai ijin. Kendaraan tidak bermesin dilarang masuk jalan tol. Sedangkan kendaraan tidak bermesin adalah becak ,Becak boleh masuk jalan tol ,Becak mempunyai mesin ,Becak harus tidak melewati jalan tol ,Tidak dapat ditarik kesimpulan,C,,,,
#,Untuk 3 soal selanjutnya,"Seorang perwira intelijen berusaha menerjemahkan pesan kriptik berikut ini menjadi pesan yang terdiri atas huruf alphabet (A...Z):+ + + ? ? ? # & % % # # $ + + % ? ? ( $ Perwira tersebut tahu bahwa setiap simbol mewakili hanya satu dari delapan huruf A E O B G H K M dan setiap simbol yang sama mewakili huruf yang sama. Perwira itu juga diberitahu bahwa huruf G digunakan sebanyak 5 kali, huruf B dan K digunakan sebanyak tiga kali, serta huruf A dan M digunakan sebanyak 2 kali.",,,,,,,,,
#,##,"Jika # mewakili B dan % mewakili O, maka ? pasti mewakili: ",A ,K ,E ,H,A,,,,
#,##,Huruf apa yang diwakili oleh & ? ,B ,G  ,H ,K,A,,,,
#,##,"Jika ( mewakili H, mana di antara simbol berikut ini yang mewakili huruf hidup? ",& ,$ ,# ,%,A,,,,
#,Untuk 8 soal selanjutnya,"Sembilan orang sahabat akan menonton film di bioskop. Mereka mendapatkan tempat duduk dalam satu baris dan sesuai dengan urutan berikut. A ada di arah kanan B. C duduk di arah kiri D. E, F, dan G tidak duduk bersebelahan. H ada di sebelah kiri A atau G dan tidak berada di paling kiri. Jika I di paling kanan maka A di sebelahnya. B dan D tidak bersebelahan dan B berada di sebelah kanan D. E duduk di sebelah kanan F dan F duduk di sebelah kanan G.",,,,,,,,,
#,##,G mungkin berada di posisi ... ,nomor 4 dari kanan  ,arah kanan B,arah kanan A ,arah kanan C,A,,,,
#,##,Susunan tempat duduk mereka yang mungkin adalah ... ,C H G D F I E B A ,C G B F D E H A I ,C F D E H G B I A ,C G D F B E H I A,A,,,,
#,##,"Jika yang duduk paling kanan adalah I, posisi B ada di ... ",1 dari kanan  ,2 dari kanan  ,3 dari kanan ,4 dari kanan,A,,,,
#,##,"Jika yang duduk paling kanan adalah I, posisi D ada di ... ",1 dari kiri  ,2 dari kiri  ,3 dari kiri ,4 dari kiri,A,,,,
#,##,"Jika yang duduk paling kanan adalah I, posisi F ada di ... ",1 dari kanan  ,2 dari kiri  ,5 dari kanan ,4 dari kiri,A,,,,
#,##,"Jika yang duduk paling kanan adalah I, posisi H ada di ... ",1 dari kiri  ,2 dari kiri  ,3 dari kiri ,4 dari kiri,A,,,,
#,##,"12, 15, 18, 13, 16, 19, 14, 17, 19, ..., ... ",15 dan 18  ,16 dan 18  ,16 dan 17 ,18 dan 20,A,,,,
#,##,"1, 4, 7, 2, 6, 10, 3, 8, ... ",10,11,12,13,A,,,,
BAHASA INGGRIS,,,,,,,,,,,
#,STRUCTURE AND WRITTEN EXPRESSION,Select the correct answer from the four choices given!,,,,,,,,,
#,##,"When ..... nests during spring nesting season, Canadian geese are fiercely territorial. ",Building ,Are building ,Built ,Are built,A,,,,
#,##,"In 1870, Calvin, along with Adirondack hunter Alvah Dunning, made the first known ascent of Seward Mountain, ...... far from roads or trails. ",A remote peak ,It is a remote peak ,A remote peak is ,Which a remote peak,A,,,,
#,##,"If I realized that you were a bad driver, I ... my car. ",Hadn?t lend you ,Wouldn?t have lent you ,Will not lend you ,Didn?t lend you,B,,,,
#,##,Marmots spend their time foraging among meadow plants and flowers or ..... on rocky cliffs. ,Gets sun ,Sunning ,The sun ,Sunny,B,,,,
#,##,The greenhouse effect occurs ...... heat radiated from the Sun ,When does the Earth?s atmosphere trap ,Does the earth?s atmosphere trap ,When the Earth?s atmosphere traps ,the Earth?s atmosphere trap,C,,,,
#,##,Experiments..... represent a giant step into the medicine of the future. ,Using gene therapy ,Use gene therapy ,They use ,Gene therapy uses,A,,,,
#,##,"Nimbostratus clouds are thick, dark gray clouds forebode rain. ",What ,Which ,What they ,Which they,B,,,,
#,##,People who reverse the letters of words ... to read suffer from dyslexia ,When trying ,If they tried ,When tried ,If he tries,A,,,,
#,##,"The Rose Bowl, ... place on New Year?s Day, is the oldest postseason collegiate football game in the United States. ",Takes ,It takes ,Which takes ,Took,C,,,,
#,##,Some economists now suggest that home equity loans are merely a new trap to push consumers beyond ,They can afford ,They can afford it ,What is affordable ,Able to afford,C,,,,
#,##,A company will not ... if it employees are unhappy. ,prosper ,prosperous ,prosperity ,prospering,A,,,,
#,##,The assignment for Friday is to write .... about World Cup 2002. ,a five-hundred-word-composition ,a five-hundred-words-composition ,a five-hundreds-words-composition ,a five-hundreds-word-composition,A,,,,
#,##,.....is necessary for the development of strong bones and teeth. ,It is calcium ,That calcium ,Calcium ,Although calcium,C,,,,
#,##,I should....because his grades are poor. ,force my second son study ,insist on my second son studying ,make my second son study ,tell my second son study,C,,,,
#,##,I found the mathematic problem to be ,exceedingly difficult ,real difficult ,rather difficulty ,very much difficult,B,,,,
#,##,"Indonesia does not require that U.S citizens obtain VISA to enter the country, and ... ",Vietnam doesn?t either ,Neither Malaysia does ,Singapore does neither ,Either does Aussie,A,,,,
#,##,The president ...... the election by a landslide ,Won ,He won ,Yesterday ,Fortunately,A,,,,
#,##,When ...... the conference? ,The doctor attended ,Did the doctor attend ,The doctor will attend ,The doctor?s attendance,B,,,,
#,##,The North Pole ..... a latitude of 90 degrees north ,It has ,Is having ,Which is having ,Has,D,,,,
#,##,The city of Beverly Hills? is surrounded on ..... the city Los Angeles. ,Its side ,The sides are ,It is the side of ,All sides by,D,,,,
#,##,That?s the ....populer model they sell. ,at least ,less ,at last ,least,D,,,,
#,##,Azis wishes he.....to Ikranegara?s play on the 30th November last year. ,had gone ,went ,has gone ,were going,A,,,,
#,##,Only after food has been dried and canned .... ,that is should be stored for later consumption. ,should be stored for later consumption. ,should it be stored for later consumption. ,It should be stored for later consumption,B,,,,
#,##,"...remarkable achievement in music, Indra Lesmana is appointed to be the judge for the Indonesian Idol 2004. ",His ,By his ,It was his ,For his,D,,,,
#,##,Syaiful Ulum is a noted chemist ....  ,and too a very efficient teacher ,as well as an effective teacher ,however he teaches very good also ,although the teaches very good also,B,,,,
#,ERROR RECOGNITION,Choose the one word or phrase which would not be appropriate in standard written English!,,,,,,,,,
#,##,On the floor of the pacific ocean is hundreds of flat-topped mountains more than a mile beneath sea level ,the floor,is ,flat-topped,more than,B,,,,
#,##,"Killer whales tend to wander in family clusters that hunt, play, and resting together.",tend,to wander,resting,together,C,,,,
#,##,Sapphires weighing as much as two pounds have on occasion mined.,weighing,as ,two pounds,mined,D,,,,
#,##,"Like snakes, lizards can be found on all others continents except Antarctica.",Like,be found,others,except,C,,,,
#,##,"The commandant left strict orders about the passes, several soldiers left the post anyway.",The commandant,left,several soldiers,left,A,,,,
#,##,"Air travel is fast, safe, and it is convenient.",Air travel is ,safe ,it is ,convenient,D,,,,
#,##,The four string on a violin are tuned.,The four,string,are ,tuned,B,,,,
#,##,The Research for the book Roots taking Alex Haley twelve years.,Research,the book ,taking,twelve years,C,,,,
#,##,I just want to stand besides my boyfriend when we go to a concert again someday.,want,besides,a concert,someday,B,,,,
#,##,"Because the torrential rains that had devastated the area, the governor sent the National Guard to assist in the clean-up operation.",Because,torrential,had devastated,to assist in,A,,,,
#,##,A body of volunteers have been organized to aid the helpless in their struggle for survival,A body,have been,helpless,their,B,,,,
#,##,"When a patient?s blood pressure is much higher than it should be, a doctor usually insists that he will not smoke.",much,than,should be ,will not,D,,,,
#,##,"The Library of Congress, with a large number of books in its stacks, attracts students from most every state in the Union.",a large number,its ,students,most every,D,,,,
#,##,Those of us who move during the semester should have their addresses changed at the registrar?s office,who,during,their,at,C,,,,
#,##,"After studying all the new materials, the student was able to rise his test score by twenty-five points.",After studying,new materials,was able,rise,D,,,,
#,READING COMPREHENSION,"Application for admission to the Graduate School at this university must be made on forms provided by the Director of Admission. An applicant whose undergraduate work was done at another institution should request that two copies of undergraduate transcript and degrees be sent directly to the Dean of the Graduate School. Both the applicant and the transcripts must be on file at least one month prior to the registration date, and must be accompanied by a nonrefundable ten-dollar check or money order to cover the cost of processing the application. Students who have already been admitted to the Graduate School but do not enrolled during the previous semester should reapply for admission using a special short form available in the office of the Graduate School. It is not necessary for students who have previously been darned admission to resubmit transcripts: however, new application form must accompany all requests for reconsideration. Application should be submitted at least eight weeks in advance of the session in which the student wishes to enroll. Student whose applications are received after the deadline may be considered for admission as non-degree students and may enroll for six credit hours. Non-degree status must be changed prior to the completion of the first semester of study however. An undergraduate student of this university who has senior status and it is within ten credit hours of completing all requirements for graduation may register for graduate work with the recommendation of the chair person of the department and the approval of the Dean of the Graduate School.",,,,,,,,,
#,##,Where this passage would most probably be found? ,In the university catalog ,In a travel folder ,In a newspaper ,In a textbook,A,,,,
#,##,Which of the following documents must be on file thirty days before the registration date? ,Two copies of recommendation from former professors ,A written approval of the Dean of the Graduate School ,One of the transcripts and an English proficiency score ,"Two copies of undergraduate courses and grades, an application form, and an application fee",D,,,,
#,##,The phrase ?in advance of? is closest in meaning to?. ,into ,on either side of ,after the end of ,prior to,D,,,,
#,##,The author makes all the following observations about non-degree students EXCEPT ,They may be admitted after the deadline ,They may enroll for six credit hours ,They must change their status during the first semester ,They don?t need submit transcripts,D,,,,
#,##,The word ?status? could be best replaced by which of the following? ,Information ,Classification ,Payment ,Agreement,B,,,,
#,##,much does the application processing cost? ,$10 ,$5 ,$100 ,$50 ,A,,,,
#,##,Which of the following that is not needed for applying admission? ,Application form ,Check ,Parents ,Money,C,,,,
#,Reading for next 6 questions,"The Torajan people of South Sulawesi have a unique way of burying the dead. They believe that if somebody dies, she/he enters puya, a place for the dead. They also believe that someone who enters puya must show her/his social status when alive. That is way the funeral ceremony for a person who had a high position in the community may look like a big party or even a carnival. Someone is only really dead when a complete funeral ceremony has been held. Before that, the dead body is considered to be a sick body. The Manggarai people of Flores believe that the spirit of the dead, called poti, stay where they used to stay when they were alive, especially near the bed. After some time, the poti ' live ' in well, big trees, or crossroads near the house. The spirit are there to help them. However, this is believed to last only five days, for then the poti will leave for Mori Karaeng. Mori Karaeng is a place for the dead. The Manggarai people believe that everything in Mori Karaeng is the opposite of the world of the living. So, people break dishes and glasses on the day the dead is supposed to leave for Mori Karaeng, so that when entering Mori Karaeng, she/he has utensils in a good condition.",,,,,,,,,
#,##,In Tanah Toraja a dead body is ........ to be sick before a complete funeral ceremony is  held. ,Treated ,Considered ,Behaved ,Believed,B,,,,
#,##,....... a person who had a high position in the community.(line 4). Community  means.... ,the people ,the Torajan People ,the women ,The men,B,,,,
#,##,According to the Manggarai people the spirit of the dead go to Mori Karaeng ...... ,on the first day of the death ,on the second day of the death ,on the fifth day of the death ,on the sixth day of the death,C,,,,
#,##,Why do the Manggarai People break dishes and glasses on the day that the dead is supposed to leave for Mori Karaeng? ,to honor the dead person ,to honor the Mori Karaeng ,to complete the funeral ceremony ,to have utensils in good condition in Mori Karaeng.,D,,,,
#,##,The word ?them? in line 9 refers to ... ,The Manggarai people. ,The spirits ,The potis ,Mori Karaeng,A,,,,
#,##,A ?puya? is .... ,The grave ,A big tree ,A place for the dead ,Spirit,C,,,,
#,Reading for next 3 questions ,"Recent technological advanced in manned and unmanned under sea vehicles, along with breakthroughs in satellite and computer equipment, have overcome some of the limitations of divers and diving equipment for scientist doing research on the great ocean of the world. Without a vehicle, divers often become sluggish and their mental concentration was severely limited. Because undersea pressure affects their speech organs, comunications among divers has always been difficult or impossible. But today most, oceanographers avoid the use of vurnerale humans divers, prefering to reduce the risk to human life and make direct observations by means of instrument that are lowered in to the ocean from samples taken from the water or photographs made by orbiting satellites. Direct observation by means of the ocean floor can be made not only by divers but also by deep diving submarines in the water and even by technology of sophisticated aerial photography from vantage points above the surface of the water. Some submarines can dive to dephts of more then seven miles and cruise at affects their organs.",,,,,,,,,
#,##,Divers have had problem in comunicating uderwater ... ,The pressure affected their speech organs ,The vehicles they used have not been prefected ,They didn?t pronounce clearly ,The water destroy their speech organs,A,,,,
#,##,This passage suggest that the succesful exploration of the ocean depend upon ... ,Vehicles as well as divers ,Radio that divers use to communicate ,Controlling currents and their weather ,Direct observation,A,,,,
#,##,The limitation of diving equipmentUndersea vehicles ... ,are too small for a man to fit inside ,Are very slow to respond ,Have the some limitation that divers have ,Make direct observation of the ocean floor,D,,,,
#,Reading for next 4 questions ,"The rate of inflation is the percentage increase in the general level of price in a given period. It is normally measured by taking the change in a price index which captures the prices of a broad range of goods (such as the retail price index in the UK) over a period of a year. Inflation has two key features. First, it is a continuous rather than a one-off process. Inflation occurs where price are being marked up on a regular basis. In contrast, if prices double overnight but then remain stable, there would not be an inflation problem. Second, inflation is increase in the general level of prices rather than an increase in the price of a specific good. We need to distinguish between general inflation and the change in relative price which occurs in any market economy. For example, food prices may be rising but this could be offset by declines in the prices of computers, hand phones, and videos. While this may have important social consequences, it is a change in relative rather than general prices and so in principle is not inflation.",,,,,,,,,
#,##,What is the topic of the text above? ,Increase in a good price ,The rate of inflation ,The change in a price index ,The increase of inflation,D,,,,
#,##,"According to the text, which is not true? ",A change in relative rather than general prices and so in principle is not inflation ,Inflation is the increase in the general level of prices ,Inflation occurs where price are being marked down on a regular basis ,Prices double overnight but then remain stable is not an inflation problem,C,,,,
#,##,What is ?Distinguish? means? ,To recognize the difference between things ,To compare between things ,To classify something ,To contradict the difference of two things,A,,,,
#,##,The word ?declines? means .... ,Rise ,Raise ,Decrease ,move,C,,,,
,,,,,,,,, ,,
